"","year","gender","count","country","gdp","pop"
"2",1992,"Men",1,"Algeria",48003298223.1178,27181094
"4",1992,"Women",1,"Algeria",48003298223.1178,27181094
"5",1992,"Men",2,"Argentina",228788617201.696,33655151
"6",1992,"Men",45,"Australia",324878105052.68,17495000
"7",1992,"Women",12,"Australia",324878105052.68,17495000
"8",1992,"Men",6,"Austria",195078126346.106,7840709
"9",1992,"Men",1,"Bahamas",3.109e+09,266134
"10",1992,"Men",1,"Belgium",236038384441.656,10045158
"11",1992,"Women",2,"Belgium",236038384441.656,10045158
"12",1992,"Men",14,"Brazil",400599250000,154564278
"13",1992,"Men",12,"Bulgaria",10350515463.9175,8540164
"14",1992,"Women",5,"Bulgaria",10350515463.9175,8540164
"15",1992,"Men",24,"Canada",592387689252.916,28519597
"16",1992,"Women",20,"Canada",592387689252.916,28519597
"17",1992,"Men",26,"China",426915712711.146,1164970000
"18",1992,"Women",57,"China",426915712711.146,1164970000
"19",1992,"Women",1,"Colombia",49279585355.0948,35558682
"20",1992,"Men",15,"Croatia",NA,4470000
"21",1992,"Men",52,"Cuba",22085858243.2432,10733363
"22",1992,"Women",19,"Cuba",22085858243.2432,10733363
"23",1992,"Men",14,"Denmark",152915624326.966,5171370
"24",1992,"Men",41,"Spain",629202392003.901,39157685
"25",1992,"Women",25,"Spain",629202392003.901,39157685
"26",1992,"Men",2,"Estonia",NA,1533091
"27",1992,"Women",1,"Estonia",NA,1533091
"28",1992,"Men",2,"Ethiopia",10492993077.6093,51647768
"29",1992,"Women",1,"Ethiopia",10492993077.6093,51647768
"30",1992,"Men",7,"Finland",112625431377.754,5041992
"31",1992,"Men",50,"France",1401465923172.24,58851217
"32",1992,"Women",7,"France",1401465923172.24,58851217
"33",1992,"Men",26,"United Kingdom",1179659529659.53,57580402
"34",1992,"Women",24,"United Kingdom",1179659529659.53,57580402
"35",1992,"Men",113,"Germany",2123130870381.97,80624598
"36",1992,"Women",85,"Germany",2123130870381.97,80624598
"37",1992,"Men",13,"Ghana",6413901601.83066,15463854
"38",1992,"Men",1,"Greece",116224673042.546,10399061
"39",1992,"Women",1,"Greece",116224673042.546,10399061
"40",1992,"Men",32,"Hungary",38724945367.8583,10369341
"41",1992,"Women",13,"Hungary",38724945367.8583,10369341
"42",1992,"Men",5,"Indonesia",128026966579.964,187766086
"43",1992,"Women",1,"Indonesia",128026966579.964,187766086
"44",1992,"Men",3,"Iran",NA,58260738
"45",1992,"Men",2,"Ireland",55985506498.7271,3558430
"46",1992,"Men",1,"Israel",75575902931.967,5123000
"47",1992,"Women",1,"Israel",75575902931.967,5123000
"48",1992,"Men",39,"Italy",1315806985860.17,56797087
"49",1992,"Women",7,"Italy",1315806985860.17,56797087
"50",1992,"Men",1,"Jamaica",3530892749.02131,2465362
"51",1992,"Women",3,"Jamaica",3530892749.02131,2465362
"52",1992,"Men",37,"Japan",3908809463463.86,124229000
"53",1992,"Women",10,"Japan",3908809463463.86,124229000
"54",1992,"Men",8,"Kenya",8209129171.73649,24963953
"55",1992,"Men",21,"South Korea",350051111253.443,43747962
"56",1992,"Women",28,"South Korea",350051111253.443,43747962
"57",1992,"Men",3,"Latvia",NA,2614338
"58",1992,"Men",13,"Lithuania",NA,3700114
"59",1992,"Men",3,"Morocco",33711069430.78,25791494
"60",1992,"Men",2,"Malaysia",59167157497.9385,19012724
"61",1992,"Men",1,"Mexico",363609163462.471,88828310
"62",1992,"Men",1,"Mongolia",1317611863.84977,2243502
"63",1992,"Women",1,"Mongolia",1317611863.84977,2243502
"64",1992,"Men",2,"Namibia",3448326858.34502,1513721
"65",1992,"Men",24,"Netherlands",358330385839.599,15184166
"66",1992,"Women",9,"Netherlands",358330385839.599,15184166
"67",1992,"Men",7,"Nigeria",29300903643.0584,100221563
"68",1992,"Women",4,"Nigeria",29300903643.0584,100221563
"69",1992,"Men",8,"Norway",130838040067.584,4286401
"70",1992,"Women",15,"Norway",130838040067.584,4286401
"71",1992,"Men",10,"New Zealand",41636005954.9128,3531700
"72",1992,"Women",5,"New Zealand",41636005954.9128,3531700
"73",1992,"Men",16,"Pakistan",48635176852.7673,113747135
"74",1992,"Men",1,"Peru",36139225287.9079,22737056
"75",1992,"Men",1,"Philippines",52976344928.9564,65075486
"76",1992,"Men",40,"Poland",94337050693.2727,38363667
"77",1992,"Women",2,"Poland",94337050693.2727,38363667
"78",1992,"Men",7,"North Korea",NA,20937404
"79",1992,"Women",3,"North Korea",NA,20937404
"80",1992,"Men",1,"Puerto Rico",34630430000,3585176
"81",1992,"Men",1,"Qatar",7646153983.51648,495517
"82",1992,"Men",21,"Romania",25121666666.6667,22794284
"83",1992,"Women",32,"Romania",25121666666.6667,22794284
"84",1992,"Men",2,"South Africa",134545231416.55,39360225
"85",1992,"Women",1,"South Africa",134545231416.55,39360225
"86",1992,"Men",6,"Slovenia",NA,1996498
"87",1992,"Men",1,"Switzerland",271814366804.153,6875364
"88",1992,"Men",1,"Suriname",404600000,422763
"89",1992,"Men",29,"Sweden",280312318915.485,8668067
"90",1992,"Women",6,"Sweden",280312318915.485,8668067
"91",1992,"Men",8,"Czechoslovakia",34590052812.1684,10319123
"92",1992,"Men",1,"Thailand",111452869378.467,57837878
"93",1992,"Men",20,"Taiwan",NA,NA
"94",1992,"Men",5,"Turkey",158459130434.783,55748875
"95",1992,"Women",1,"Turkey",158459130434.783,55748875
"96",1992,"Men",123,"United States",6.539299e+12,256514000
"97",1992,"Women",101,"United States",6.539299e+12,256514000
"98",1996,"Men",3,"Algeria",46941496779.8499,29411415
"99",1996,"Men",3,"Algeria",46941496779.8499,29411415
"100",1996,"Men",20,"Argentina",272149750000,35419682
"101",1996,"Men",2,"Armenia",1596968913.27897,3168215
"102",1996,"Men",60,"Australia",400302731411.229,18311000
"103",1996,"Women",72,"Australia",400302731411.229,18311000
"104",1996,"Men",2,"Austria",237250948791.266,7959017
"105",1996,"Women",1,"Austria",237250948791.266,7959017
"106",1996,"Men",1,"Azerbaijan",3176749593.11788,7763000
"107",1996,"Women",5,"Bahamas",3.609e+09,283790
"108",1996,"Men",1,"Burundi",869033856.317093,6041112
"109",1996,"Men",3,"Belgium",281358175895.766,10156637
"110",1996,"Women",3,"Belgium",281358175895.766,10156637
"111",1996,"Men",11,"Belarus",14756846153.8462,10160000
"112",1996,"Women",12,"Belarus",14756846153.8462,10160000
"113",1996,"Men",36,"Brazil",850426432991.742,164913306
"114",1996,"Women",28,"Brazil",850426432991.742,164913306
"115",1996,"Men",12,"Bulgaria",10109612141.6526,8362826
"116",1996,"Women",9,"Bulgaria",10109612141.6526,8362826
"117",1996,"Men",19,"Canada",628546387972.131,29671900
"118",1996,"Women",32,"Canada",628546387972.131,29671900
"119",1996,"Men",30,"China",863746717503.789,1217550000
"120",1996,"Women",80,"China",863746717503.789,1217550000
"121",1996,"Women",1,"Costa Rica",11618286553.3677,3596732
"122",1996,"Men",29,"Croatia",23678012697.3612,4494000
"123",1996,"Men",39,"Cuba",25017300000,10961012
"124",1996,"Women",18,"Cuba",25017300000,10961012
"125",1996,"Men",8,"Czech Republic",66985765439.1937,10315241
"126",1996,"Women",5,"Czech Republic",66985765439.1937,10315241
"127",1996,"Men",6,"Denmark",187632400365.599,5263074
"128",1996,"Women",18,"Denmark",187632400365.599,5263074
"129",1996,"Men",1,"Ecuador",25226393196.5983,11683479
"130",1996,"Men",54,"Spain",640998292394.588,39889852
"131",1996,"Women",13,"Spain",640998292394.588,39889852
"132",1996,"Men",1,"Ethiopia",8547939730.62374,59155148
"133",1996,"Women",2,"Ethiopia",8547939730.62374,59155148
"134",1996,"Men",3,"Finland",132099404607.818,5124573
"135",1996,"Women",1,"Finland",132099404607.818,5124573
"136",1996,"Men",32,"France",1605675086549.56,59753100
"137",1996,"Women",19,"France",1605675086549.56,59753100
"138",1996,"Men",25,"United Kingdom",1408781591263.65,58166950
"139",1996,"Women",1,"United Kingdom",1408781591263.65,58166950
"140",1996,"Men",2,"Georgia",3094915505.9093,4616100
"141",1996,"Men",76,"Germany",2503665193657.4,81914831
"142",1996,"Women",48,"Germany",2503665193657.4,81914831
"143",1996,"Men",7,"Greece",145861612825.595,10608800
"144",1996,"Women",1,"Greece",145861612825.595,10608800
"145",1996,"Women",1,"Hong Kong",159717233621.659,6435500
"146",1996,"Men",22,"Hungary",46659796772.5473,10311238
"147",1996,"Women",21,"Hungary",46659796772.5473,10311238
"148",1996,"Men",4,"Indonesia",227369679374.973,199914831
"149",1996,"Women",2,"Indonesia",227369679374.973,199914831
"150",1996,"Men",1,"India",387656017798.596,978893217
"151",1996,"Men",3,"Iran",120403931885.448,61583089
"152",1996,"Women",4,"Ireland",75880632560.4839,3637510
"153",1996,"Men",1,"Israel",109957321960.084,5692000
"154",1996,"Men",54,"Italy",1308929351236.04,56860281
"155",1996,"Women",17,"Italy",1308929351236.04,56860281
"156",1996,"Men",7,"Jamaica",7.368e+09,2561993
"157",1996,"Women",9,"Jamaica",7.368e+09,2561993
"158",1996,"Men",26,"Japan",4833712542207.1,125757000
"159",1996,"Women",17,"Japan",4833712542207.1,125757000
"160",1996,"Men",11,"Kazakhstan",21035357832.8019,15577894
"161",1996,"Men",7,"Kenya",12045858436.2399,28147734
"162",1996,"Women",1,"Kenya",12045858436.2399,28147734
"163",1996,"Men",19,"South Korea",598099073901.423,45524681
"164",1996,"Women",47,"South Korea",598099073901.423,45524681
"165",1996,"Men",1,"Latvia",5970044665.64574,2457222
"166",1996,"Men",12,"Lithuania",8385109020.28485,3601613
"167",1996,"Men",2,"Morocco",43161452678.4383,27460603
"168",1996,"Men",3,"Malaysia",100854996422.609,21023321
"169",1996,"Men",3,"Moldova",1695130456.52174,3667748
"170",1996,"Men",1,"Mexico",410975595310.156,95687452
"171",1996,"Men",1,"Mongolia",1345719472.35883,2316567
"172",1996,"Women",1,"Mozambique",3523842274.89662,16248232
"173",1996,"Men",2,"Namibia",3945340776.40546,1706489
"174",1996,"Men",44,"Netherlands",445704575163.399,15530498
"175",1996,"Women",29,"Netherlands",445704575163.399,15530498
"176",1996,"Men",19,"Nigeria",34987951375,110732904
"177",1996,"Women",7,"Nigeria",34987951375,110732904
"178",1996,"Men",6,"Norway",163517783497.163,4381336
"179",1996,"Women",19,"Norway",163517783497.163,4381336
"180",1996,"Men",6,"New Zealand",70140835299.0148,3732000
"181",1996,"Women",3,"New Zealand",70140835299.0148,3732000
"182",1996,"Men",1,"Philippines",82848140618.0266,71446107
"183",1996,"Men",15,"Poland",159942880456.956,38624370
"184",1996,"Women",6,"Poland",159942880456.956,38624370
"185",1996,"Men",2,"Portugal",122629812841.175,10063945
"186",1996,"Women",1,"Portugal",122629812841.175,10063945
"187",1996,"Men",4,"North Korea",NA,22113548
"188",1996,"Women",1,"North Korea",NA,22113548
"189",1996,"Men",1,"Puerto Rico",45340835000,3724655
"190",1996,"Men",9,"Romania",37182938696.0752,22619004
"191",1996,"Women",29,"Romania",37182938696.0752,22619004
"192",1996,"Men",2,"South Africa",147607982694.857,42898520
"193",1996,"Women",3,"South Africa",147607982694.857,42898520
"194",1996,"Men",84,"Russia",391719993756.828,148160042
"195",1996,"Women",31,"Russia",391719993756.828,148160042
"196",1996,"Men",1,"Slovenia",21480023016.9972,1988628
"197",1996,"Women",1,"Slovenia",21480023016.9972,1988628
"198",1996,"Men",7,"Switzerland",330091688349.515,7071850
"199",1996,"Women",4,"Switzerland",330091688349.515,7071850
"200",1996,"Men",3,"Slovakia",27821913814.9556,5373361
"201",1996,"Men",24,"Sweden",288103936773.039,8840998
"202",1996,"Women",7,"Sweden",288103936773.039,8840998
"203",1996,"Women",1,"Syria",13789560878.2435,14755286
"204",1996,"Men",1,"Tonga",219583570.094975,96369
"205",1996,"Men",2,"Thailand",183035154107.494,60151472
"206",1996,"Women",1,"Taiwan",NA,NA
"207",1996,"Men",2,"Trinidad and Tobago",5759537726.26601,1258364
"208",1996,"Men",1,"Tunisia",19587322786.1105,9256037
"209",1996,"Men",6,"Turkey",181475555282.555,59423208
"210",1996,"Men",1,"Uganda",6044585326.938,21202118
"211",1996,"Men",20,"Ukraine",44558077827.135,51057189
"212",1996,"Women",14,"Ukraine",44558077827.135,51057189
"213",1996,"Men",131,"United States",8.100201e+12,269394000
"214",1996,"Women",129,"United States",8.100201e+12,269394000
"215",1996,"Men",2,"Uzbekistan",13948892215.5689,23225000
"216",1996,"Men",24,"Yugoslavia",NA,NA
"217",1996,"Women",2,"Yugoslavia",NA,NA
"218",1996,"Men",1,"Zambia",3597220962.00017,9394304
"219",2000,"Men",4,"Algeria",54790245600.5846,31183660
"220",2000,"Men",4,"Algeria",54790245600.5846,31183660
"221",2000,"Women",1,"Algeria",54790245600.5846,31183660
"222",2000,"Women",1,"Algeria",54790245600.5846,31183660
"223",2000,"Men",3,"Argentina",284203750000,37057452
"224",2000,"Women",17,"Argentina",284203750000,37057452
"225",2000,"Men",1,"Armenia",1911563665.39006,3069588
"226",2000,"Men",94,"Australia",415034227218.489,19153000
"227",2000,"Women",89,"Australia",415034227218.489,19153000
"228",2000,"Men",3,"Austria",196799778883.361,8011566
"229",2000,"Women",1,"Austria",196799778883.361,8011566
"230",2000,"Men",2,"Azerbaijan",5272617196.04517,8048600
"231",2000,"Women",1,"Azerbaijan",5272617196.04517,8048600
"232",2000,"Women",6,"Bahamas",8076470000,297890
"233",2000,"Men",1,"Barbados",3121500000,269847
"234",2000,"Men",3,"Belgium",237904919845.218,10251250
"235",2000,"Women",4,"Belgium",237904919845.218,10251250
"236",2000,"Men",9,"Belarus",12736856827.9847,9979610
"237",2000,"Women",13,"Belarus",12736856827.9847,9979610
"238",2000,"Men",20,"Brazil",655420645476.906,175287587
"239",2000,"Women",28,"Brazil",655420645476.906,175287587
"240",2000,"Men",10,"Bulgaria",13153016530.8718,8170172
"241",2000,"Women",3,"Bulgaria",13153016530.8718,8170172
"242",2000,"Men",8,"Canada",742293448252.643,30769700
"243",2000,"Women",23,"Canada",742293448252.643,30769700
"244",2000,"Men",18,"Chile",77860932151.8471,15262754
"245",2000,"Men",35,"China",1211346869605.24,1262645000
"246",2000,"Women",44,"China",1211346869605.24,1262645000
"247",2000,"Men",18,"Cameroon",10083937740.0624,15274234
"248",2000,"Women",1,"Colombia",99886577330.7271,40403958
"249",2000,"Women",2,"Costa Rica",14949514585.1585,3925443
"250",2000,"Men",10,"Croatia",21774273832.1031,4426000
"251",2000,"Men",51,"Cuba",30565400000,11150736
"252",2000,"Women",18,"Cuba",30565400000,11150736
"253",2000,"Men",8,"Czech Republic",61649492816.5201,10255063
"254",2000,"Women",1,"Czech Republic",61649492816.5201,10255063
"255",2000,"Men",9,"Denmark",164158800460.219,5339616
"256",2000,"Women",16,"Denmark",164158800460.219,5339616
"257",2000,"Men",39,"Spain",595402616546.895,40567864
"258",2000,"Women",4,"Spain",595402616546.895,40567864
"259",2000,"Men",3,"Estonia",5685774808.80862,1396985
"260",2000,"Men",5,"Ethiopia",8242392103.68061,66537331
"261",2000,"Women",3,"Ethiopia",8242392103.68061,66537331
"262",2000,"Men",5,"Finland",125539893126.958,5176209
"263",2000,"Men",53,"France",1362248940482.77,60912500
"264",2000,"Women",13,"France",1362248940482.77,60912500
"265",2000,"Men",40,"United Kingdom",1647951278559.54,58892514
"266",2000,"Women",15,"United Kingdom",1647951278559.54,58892514
"267",2000,"Men",6,"Georgia",3057453482.55826,4418300
"268",2000,"Men",60,"Germany",1949953934033.54,82211508
"269",2000,"Women",59,"Germany",1949953934033.54,82211508
"270",2000,"Men",8,"Greece",130133845771.144,10805808
"271",2000,"Women",10,"Greece",130133845771.144,10805808
"272",2000,"Men",28,"Hungary",47310623887.2319,10210971
"273",2000,"Women",25,"Hungary",47310623887.2319,10210971
"274",2000,"Men",4,"Indonesia",165021012077.81,211540429
"275",2000,"Women",4,"Indonesia",165021012077.81,211540429
"276",2000,"Women",1,"India",462146799337.698,1053050912
"277",2000,"Men",4,"Iran",109591707802.23,66131854
"278",2000,"Women",1,"Ireland",99853528653.0311,3805174
"279",2000,"Women",1,"Iceland",8927140438.33316,281205
"280",2000,"Men",1,"Israel",132339311284.428,6289000
"281",2000,"Men",52,"Italy",1141759996314.72,56942108
"282",2000,"Women",13,"Italy",1141759996314.72,56942108
"283",2000,"Men",7,"Jamaica",8985352831.94058,2656864
"284",2000,"Women",16,"Jamaica",8985352831.94058,2656864
"285",2000,"Men",5,"Japan",4887519660744.86,126843000
"286",2000,"Women",38,"Japan",4887519660744.86,126843000
"287",2000,"Men",6,"Kazakhstan",18291990619.137,14883626
"288",2000,"Women",1,"Kazakhstan",18291990619.137,14883626
"289",2000,"Men",7,"Kenya",12705357103.0056,31450483
"290",2000,"Men",1,"Kyrgyzstan",1369693171.43504,4898400
"291",2000,"Men",59,"South Korea",561633125839.994,47008111
"292",2000,"Women",14,"South Korea",561633125839.994,47008111
"293",2000,"Men",2,"Saudi Arabia",189514926213.333,20764312
"294",2000,"Men",1,"Kuwait",37711864406.7797,2050741
"295",2000,"Men",3,"Latvia",7937758980.30127,2367550
"296",2000,"Men",13,"Lithuania",11539211480.3625,3499536
"297",2000,"Women",4,"Lithuania",11539211480.3625,3499536
"298",2000,"Men",4,"Morocco",38857251336.3448,28849621
"299",2000,"Women",1,"Morocco",38857251336.3448,28849621
"300",2000,"Men",2,"Moldova",1288429150.51394,3639592
"301",2000,"Men",5,"Mexico",707906744574.644,101719673
"302",2000,"Women",1,"Mexico",707906744574.644,101719673
"303",2000,"Men",1,"Macedonia",3772851420.24763,2034819
"304",2000,"Women",1,"Mozambique",5016469068.50898,18067687
"305",2000,"Men",33,"Netherlands",412807259996.315,15925513
"306",2000,"Women",46,"Netherlands",412807259996.315,15925513
"307",2000,"Men",6,"Nigeria",46386011231.37,122352009
"308",2000,"Women",2,"Nigeria",46386011231.37,122352009
"309",2000,"Men",8,"Norway",171315639982.731,4490967
"310",2000,"Women",36,"Norway",171315639982.731,4490967
"311",2000,"Men",3,"New Zealand",52622842840.2055,3857700
"312",2000,"Women",1,"New Zealand",52622842840.2055,3857700
"313",2000,"Men",15,"Poland",171885598582.637,38258629
"314",2000,"Women",9,"Poland",171885598582.637,38258629
"315",2000,"Men",1,"Portugal",118358489957.619,10289898
"316",2000,"Women",1,"Portugal",118358489957.619,10289898
"317",2000,"Men",2,"North Korea",NA,22929075
"318",2000,"Women",2,"North Korea",NA,22929075
"319",2000,"Men",1,"Qatar",17759890109.8901,592267
"320",2000,"Men",9,"Romania",37438527799.5302,22442971
"321",2000,"Women",37,"Romania",37438527799.5302,22442971
"322",2000,"Men",3,"South Africa",136361854808.496,45728315
"323",2000,"Women",2,"South Africa",136361854808.496,45728315
"324",2000,"Men",99,"Russia",259708496267.33,146596557
"325",2000,"Women",89,"Russia",259708496267.33,146596557
"326",2000,"Men",3,"Slovenia",20342201356.0052,1988925
"327",2000,"Women",1,"Sri Lanka",16330814179.9766,18781938
"328",2000,"Men",6,"Switzerland",272055499940.786,7184250
"329",2000,"Women",8,"Switzerland",272055499940.786,7184250
"330",2000,"Men",4,"Slovakia",29114875621.8905,5388720
"331",2000,"Women",2,"Slovakia",29114875621.8905,5388720
"332",2000,"Men",22,"Sweden",259802012617.057,8872109
"333",2000,"Women",10,"Sweden",259802012617.057,8872109
"334",2000,"Men",2,"Thailand",126392308497.749,62958021
"335",2000,"Women",1,"Thailand",126392308497.749,62958021
"336",2000,"Men",1,"Taiwan",NA,NA
"337",2000,"Women",4,"Taiwan",NA,NA
"338",2000,"Men",2,"Trinidad and Tobago",8154338232.95978,1267984
"339",2000,"Men",4,"Turkey",272979390595.01,63240121
"340",2000,"Women",1,"Turkey",272979390595.01,63240121
"341",2000,"Men",22,"Ukraine",31261527363.144,49175848
"342",2000,"Women",13,"Ukraine",31261527363.144,49175848
"343",2000,"Men",1,"Uruguay",22823255801.8447,3321245
"344",2000,"Men",119,"United States",1.0284779e+13,282162411
"345",2000,"Women",129,"United States",1.0284779e+13,282162411
"346",2000,"Men",4,"Uzbekistan",13760374487.51,24650400
"347",2000,"Women",1,"Vietnam",31172518403.3162,80285562
"348",2000,"Men",25,"Yugoslavia",NA,NA
"349",2000,"Women",1,"Yugoslavia",NA,NA
"350",2004,"Men",28,"Argentina",164657930452.787,38728696
"351",2004,"Women",19,"Argentina",164657930452.787,38728696
"352",2004,"Men",95,"Australia",611904253805.662,20127400
"353",2004,"Women",62,"Australia",611904253805.662,20127400
"354",2004,"Men",6,"Austria",300904221504.842,8171966
"355",2004,"Women",2,"Austria",300904221504.842,8171966
"356",2004,"Men",3,"Azerbaijan",8680472168.51531,8306500
"357",2004,"Women",2,"Azerbaijan",8680472168.51531,8306500
"358",2004,"Women",2,"Bahamas",9055290000,322526
"359",2004,"Men",1,"Belgium",370885026074,10421137
"360",2004,"Women",2,"Belgium",370885026074,10421137
"361",2004,"Men",9,"Belarus",23144351851.8519,9730146
"362",2004,"Women",8,"Belarus",23144351851.8519,9730146
"363",2004,"Men",21,"Brazil",669316654017.094,184738458
"364",2004,"Women",19,"Brazil",669316654017.094,184738458
"365",2004,"Men",8,"Bulgaria",25957970922.4811,7716860
"366",2004,"Women",9,"Bulgaria",25957970922.4811,7716860
"367",2004,"Men",10,"Canada",1023196003074.56,31995000
"368",2004,"Women",7,"Canada",1023196003074.56,31995000
"369",2004,"Men",4,"Chile",99210392857.6116,15973778
"370",2004,"Men",30,"China",1955347004963.27,1296075000
"371",2004,"Women",64,"China",1955347004963.27,1296075000
"372",2004,"Women",1,"Cameroon",17430933517.2998,16959081
"373",2004,"Women",2,"Colombia",117074863821.85,42724163
"374",2004,"Men",20,"Croatia",41574530815.5047,4439000
"375",2004,"Men",39,"Cuba",3.8203e+10,11266941
"376",2004,"Women",22,"Cuba",3.8203e+10,11266941
"377",2004,"Men",9,"Czech Republic",119162172468.268,10197101
"378",2004,"Women",3,"Czech Republic",119162172468.268,10197101
"379",2004,"Men",9,"Denmark",251373036671.062,5404523
"380",2004,"Women",20,"Denmark",251373036671.062,5404523
"381",2004,"Men",1,"Dominican Republic",22692574473.3467,9102998
"382",2004,"Men",5,"Egypt",78845185293.4964,75381899
"383",2004,"Men",1,"Eritrea",1109054005.43971,3858623
"384",2004,"Men",21,"Spain",1069555500372.49,42921895
"385",2004,"Women",6,"Spain",1069555500372.49,42921895
"386",2004,"Men",3,"Estonia",12059201242.236,1362550
"387",2004,"Men",3,"Ethiopia",10131187261.4421,74624405
"388",2004,"Women",4,"Ethiopia",10131187261.4421,74624405
"389",2004,"Men",2,"Finland",196768065557.487,5228172
"390",2004,"Men",31,"France",2115742488204.62,62704895
"391",2004,"Women",22,"France",2115742488204.62,62704895
"392",2004,"Men",35,"United Kingdom",2398555474185.28,59987905
"393",2004,"Women",22,"United Kingdom",2398555474185.28,59987905
"394",2004,"Men",4,"Georgia",5125363000.83472,4245000
"395",2004,"Men",75,"Germany",2819245095604.67,82516260
"396",2004,"Women",74,"Germany",2819245095604.67,82516260
"397",2004,"Men",10,"Greece",240521260988.329,10955141
"398",2004,"Women",21,"Greece",240521260988.329,10955141
"399",2004,"Men",2,"Hong Kong",169099768875.193,6783500
"400",2004,"Men",29,"Hungary",104066609517.928,10107146
"401",2004,"Women",11,"Hungary",104066609517.928,10107146
"402",2004,"Men",4,"Indonesia",256836875295.452,223614649
"403",2004,"Women",1,"Indonesia",256836875295.452,223614649
"404",2004,"Men",1,"India",699688852930.276,1126135777
"405",2004,"Men",6,"Iran",190043433964.846,69617100
"406",2004,"Men",2,"Israel",135445033199.465,6809000
"407",2004,"Men",76,"Italy",1798314750434.57,57685327
"408",2004,"Women",26,"Italy",1798314750434.57,57685327
"409",2004,"Men",1,"Jamaica",10150978154.5484,2728777
"410",2004,"Women",12,"Jamaica",10150978154.5484,2728777
"411",2004,"Men",54,"Japan",4815148854362.11,127761000
"412",2004,"Women",40,"Japan",4815148854362.11,127761000
"413",2004,"Men",8,"Kazakhstan",43151647002.6096,15012985
"414",2004,"Men",5,"Kenya",16095337093.8366,35074931
"415",2004,"Women",2,"Kenya",16095337093.8366,35074931
"416",2004,"Men",22,"South Korea",764880644710.649,48082519
"417",2004,"Women",30,"South Korea",764880644710.649,48082519
"418",2004,"Men",3,"Latvia",14373269155.7174,2263122
"419",2004,"Women",1,"Latvia",14373269155.7174,2263122
"420",2004,"Men",2,"Lithuania",22649930576.2543,3377075
"421",2004,"Women",1,"Lithuania",22649930576.2543,3377075
"422",2004,"Men",2,"Morocco",59626020162.3816,30179285
"423",2004,"Women",1,"Morocco",59626020162.3816,30179285
"424",2004,"Men",1,"Mexico",782240601984.76,106995583
"425",2004,"Women",3,"Mexico",782240601984.76,106995583
"426",2004,"Men",1,"Mongolia",1992066808.09598,2496832
"427",2004,"Men",36,"Netherlands",650532654581.574,16281779
"428",2004,"Women",40,"Netherlands",650532654581.574,16281779
"429",2004,"Men",8,"Nigeria",87845420504.485,135393616
"430",2004,"Men",5,"Norway",264357494659.388,4591910
"431",2004,"Women",2,"Norway",264357494659.388,4591910
"432",2004,"Men",3,"New Zealand",103904537815.126,4087500
"433",2004,"Women",3,"New Zealand",103904537815.126,4087500
"434",2004,"Men",17,"Paraguay",8033877360.41697,5703740
"435",2004,"Men",4,"Poland",255102252843.395,38182222
"436",2004,"Women",8,"Poland",255102252843.395,38182222
"437",2004,"Men",3,"Portugal",189187437298.237,10483861
"438",2004,"Men",2,"North Korea",NA,23729498
"439",2004,"Women",3,"North Korea",NA,23729498
"440",2004,"Men",12,"Romania",76216441462.1442,21451748
"441",2004,"Women",27,"Romania",76216441462.1442,21451748
"442",2004,"Men",9,"South Africa",228937347865.858,48247395
"443",2004,"Women",1,"South Africa",228937347865.858,48247395
"444",2004,"Men",99,"Russia",591016690742.798,144067054
"445",2004,"Women",93,"Russia",591016690742.798,144067054
"446",2004,"Men",13,"Serbia",24861483280.6339,7463157
"447",2004,"Men",13,"Serbia and Montenegro",NA,NA
"448",2004,"Women",1,"Serbia",24861483280.6339,7463157
"449",2004,"Women",1,"Serbia and Montenegro",NA,NA
"450",2004,"Men",3,"Slovenia",34470227453.9113,1997012
"451",2004,"Women",2,"Slovenia",34470227453.9113,1997012
"452",2004,"Men",6,"Switzerland",394163688620.828,7389625
"453",2004,"Women",1,"Switzerland",394163688620.828,7389625
"454",2004,"Men",9,"Slovakia",57240535137.8197,5372280
"455",2004,"Women",1,"Slovakia",57240535137.8197,5372280
"456",2004,"Men",8,"Sweden",381705425301.746,8993531
"457",2004,"Women",4,"Sweden",381705425301.746,8993531
"458",2004,"Men",1,"Syria",25086930693.0693,17806638
"459",2004,"Men",3,"Thailand",172895476152.592,65002231
"460",2004,"Women",5,"Thailand",172895476152.592,65002231
"461",2004,"Men",5,"Taiwan",NA,NA
"462",2004,"Women",4,"Taiwan",NA,NA
"463",2004,"Men",1,"Trinidad and Tobago",13280275123.0354,1290535
"464",2004,"Men",9,"Turkey",404786740091.196,67007855
"465",2004,"Women",1,"Turkey",404786740091.196,67007855
"466",2004,"Men",1,"United Arab Emirates",147824370319.946,4087931
"467",2004,"Men",17,"Ukraine",64883060725.7003,47451600
"468",2004,"Women",31,"Ukraine",64883060725.7003,47451600
"469",2004,"Men",117,"United States",1.2274928e+13,292805298
"470",2004,"Women",147,"United States",1.2274928e+13,292805298
"471",2004,"Men",5,"Uzbekistan",12030023547.8807,25864350
"472",2004,"Men",1,"Venezuela",112453382329.615,26327225
"473",2004,"Women",1,"Venezuela",112453382329.615,26327225
"474",2004,"Women",3,"Zimbabwe",5805598400,12777511
"475",2008,"Men",1,"Afghanistan",10190529882.4878,27294031
"476",2008,"Men",1,"Algeria",171000691877.714,34860715
"477",2008,"Men",1,"Algeria",171000691877.714,34860715
"478",2008,"Women",1,"Algeria",171000691877.714,34860715
"479",2008,"Women",1,"Algeria",171000691877.714,34860715
"480",2008,"Men",34,"Argentina",361558037110.419,40382389
"481",2008,"Women",17,"Argentina",361558037110.419,40382389
"482",2008,"Men",6,"Armenia",11662040713.8753,2908220
"483",2008,"Men",64,"Australia",1052584601611.46,21249200
"484",2008,"Women",85,"Australia",1052584601611.46,21249200
"485",2008,"Men",1,"Austria",430294287388.311,8321496
"486",2008,"Women",2,"Austria",430294287388.311,8321496
"487",2008,"Men",6,"Azerbaijan",48852482960.0779,8763400
"488",2008,"Women",1,"Azerbaijan",48852482960.0779,8763400
"489",2008,"Men",5,"Bahamas",1.0526e+10,348676
"490",2008,"Women",5,"Belgium",518625897172.99,10709973
"491",2008,"Men",16,"Belarus",60763483146.0674,9527985
"492",2008,"Women",14,"Belarus",60763483146.0674,9527985
"493",2008,"Men",40,"Brazil",1695824571927.15,192979029
"494",2008,"Women",35,"Brazil",1695824571927.15,192979029
"495",2008,"Men",3,"Bulgaria",54409138498.3548,7492561
"496",2008,"Women",2,"Bulgaria",54409138498.3548,7492561
"497",2008,"Men",25,"Canada",1549131208997.19,33245773
"498",2008,"Women",9,"Canada",1549131208997.19,33245773
"499",2008,"Men",1,"Chile",179638496278.574,16661942
"500",2008,"Men",56,"China",4598206091384,1324655000
"501",2008,"Women",128,"China",4598206091384,1324655000
"502",2008,"Women",1,"Cameroon",26409781215.1844,18907008
"503",2008,"Men",1,"Colombia",243982437870.84,44901544
"504",2008,"Women",1,"Colombia",243982437870.84,44901544
"505",2008,"Men",1,"Croatia",70481451449.4223,4434508
"506",2008,"Women",4,"Croatia",70481451449.4223,4434508
"507",2008,"Men",38,"Cuba",60806300000,11309754
"508",2008,"Women",9,"Cuba",60806300000,11309754
"509",2008,"Men",4,"Czech Republic",235718586901.129,10384603
"510",2008,"Women",3,"Czech Republic",235718586901.129,10384603
"511",2008,"Men",15,"Denmark",353361056079.716,5493621
"512",2008,"Women",3,"Denmark",353361056079.716,5493621
"513",2008,"Men",2,"Dominican Republic",48288967303.4896,9636520
"514",2008,"Men",1,"Ecuador",61762635000,14447562
"515",2008,"Men",1,"Egypt",162818181818.182,80953881
"516",2008,"Men",57,"Spain",1635015380108.39,45954106
"517",2008,"Women",14,"Spain",1635015380108.39,45954106
"518",2008,"Men",3,"Estonia",24194039255.8957,1337090
"519",2008,"Men",4,"Ethiopia",27066912635.2228,83184892
"520",2008,"Women",3,"Ethiopia",27066912635.2228,83184892
"521",2008,"Men",2,"Finland",283742493042.332,5313399
"522",2008,"Women",3,"Finland",283742493042.332,5313399
"523",2008,"Men",66,"France",2918382891460.38,64374989
"524",2008,"Women",10,"France",2918382891460.38,64374989
"525",2008,"Men",48,"United Kingdom",2890564338235.29,61806995
"526",2008,"Women",29,"United Kingdom",2890564338235.29,61806995
"527",2008,"Men",5,"Georgia",12795044472.7663,4030000
"528",2008,"Women",1,"Georgia",12795044472.7663,4030000
"529",2008,"Men",55,"Germany",3752365607148.09,82110097
"530",2008,"Women",46,"Germany",3752365607148.09,82110097
"531",2008,"Men",3,"Greece",354460802548.704,11077841
"532",2008,"Women",4,"Greece",354460802548.704,11077841
"533",2008,"Men",20,"Hungary",157998423131.739,10038188
"534",2008,"Women",7,"Hungary",157998423131.739,10038188
"535",2008,"Men",5,"Indonesia",510228634992.255,236159276
"536",2008,"Women",2,"Indonesia",510228634992.255,236159276
"537",2008,"Men",3,"India",1186952757636.11,1197146906
"538",2008,"Men",2,"Iran",406070949553.87,72845542
"539",2008,"Men",3,"Ireland",275020023436.356,4489544
"540",2008,"Men",14,"Iceland",17658408759.0494,317414
"541",2008,"Men",1,"Israel",215840354626.533,7308800
"542",2008,"Men",28,"Italy",2390729163615.06,58826731
"543",2008,"Women",14,"Italy",2390729163615.06,58826731
"544",2008,"Men",6,"Jamaica",13678606692.2655,2790122
"545",2008,"Women",11,"Jamaica",13678606692.2655,2790122
"546",2008,"Men",24,"Japan",5037908465114.48,128063000
"547",2008,"Women",27,"Japan",5037908465114.48,128063000
"548",2008,"Men",9,"Kazakhstan",133441612246.798,15674000
"549",2008,"Women",4,"Kazakhstan",133441612246.798,15674000
"550",2008,"Men",9,"Kenya",35895153327.8497,39148416
"551",2008,"Women",5,"Kenya",35895153327.8497,39148416
"552",2008,"Men",2,"Kyrgyzstan",5139957784.91084,5318700
"553",2008,"Men",47,"South Korea",1002219052967.54,49054708
"554",2008,"Women",31,"South Korea",1002219052967.54,49054708
"555",2008,"Men",3,"Latvia",35596016664.2304,2177322
"556",2008,"Men",4,"Lithuania",47850551148.8365,3198231
"557",2008,"Women",1,"Lithuania",47850551148.8365,3198231
"558",2008,"Men",1,"Morocco",92507257783.5697,31596855
"559",2008,"Women",1,"Morocco",92507257783.5697,31596855
"560",2008,"Men",1,"Malaysia",230813597937.526,27111069
"561",2008,"Men",1,"Moldova",6054806100.8468,3570108
"562",2008,"Men",1,"Mexico",1109989038338.86,113661809
"563",2008,"Women",3,"Mexico",1109989038338.86,113661809
"564",2008,"Men",3,"Mongolia",5623216448.86851,2628131
"565",2008,"Women",1,"Mongolia",5623216448.86851,2628131
"566",2008,"Men",1,"Mauritius",9990370016.30771,1244121
"567",2008,"Men",4,"Netherlands",936228211513.11,16445593
"568",2008,"Women",58,"Netherlands",936228211513.11,16445593
"569",2008,"Men",19,"Nigeria",208064753766.47,150347390
"570",2008,"Women",5,"Nigeria",208064753766.47,150347390
"571",2008,"Men",5,"Norway",462554432624.114,4768212
"572",2008,"Women",17,"Norway",462554432624.114,4768212
"573",2008,"Men",11,"New Zealand",133279679482.674,4259800
"574",2008,"Women",3,"New Zealand",133279679482.674,4259800
"575",2008,"Men",1,"Panama",25155888600,3516268
"576",2008,"Men",16,"Poland",533815789473.684,38125759
"577",2008,"Women",4,"Poland",533815789473.684,38125759
"578",2008,"Men",1,"Portugal",262007590449.685,10558177
"579",2008,"Women",1,"Portugal",262007590449.685,10558177
"580",2008,"Men",1,"North Korea",NA,24335146
"581",2008,"Women",5,"North Korea",NA,24335146
"582",2008,"Men",1,"Romania",213605065703.283,20537875
"583",2008,"Women",21,"Romania",213605065703.283,20537875
"584",2008,"Men",1,"South Africa",287099991516.9,50412129
"585",2008,"Men",63,"Russia",1660844408499.61,142742350
"586",2008,"Women",80,"Russia",1660844408499.61,142742350
"587",2008,"Women",3,"Singapore",192225881687.752,4839396
"588",2008,"Men",3,"Slovenia",55589849128.4605,2021316
"589",2008,"Women",2,"Slovenia",55589849128.4605,2021316
"590",2008,"Men",15,"Serbia",49259526052.7426,7350222
"591",2008,"Men",1,"Sudan",54526580231.5568,32955496
"592",2008,"Men",9,"Switzerland",554363487120.303,7647675
"593",2008,"Women",2,"Switzerland",554363487120.303,7647675
"594",2008,"Men",8,"Slovakia",100324627215.468,5379233
"595",2008,"Women",2,"Slovakia",100324627215.468,5379233
"596",2008,"Men",6,"Sweden",513965650650.119,9219637
"597",2008,"Women",1,"Sweden",513965650650.119,9219637
"598",2008,"Men",2,"Thailand",291383081231.82,66545760
"599",2008,"Women",2,"Thailand",291383081231.82,66545760
"600",2008,"Men",2,"Tajikistan",5161336170.46084,7309728
"601",2008,"Men",1,"Togo",3163416242.05877,6161796
"602",2008,"Men",2,"Taiwan",NA,NA
"603",2008,"Women",2,"Taiwan",NA,NA
"604",2008,"Men",5,"Trinidad and Tobago",27870257894.2347,1315372
"605",2008,"Men",1,"Tunisia",44856586316.0458,10407336
"606",2008,"Men",4,"Turkey",764335657318.479,70440032
"607",2008,"Women",4,"Turkey",764335657318.479,70440032
"608",2008,"Men",16,"Ukraine",179992405832.321,46258200
"609",2008,"Women",15,"Ukraine",179992405832.321,46258200
"610",2008,"Men",153,"United States",1.4718582e+13,304093966
"611",2008,"Women",162,"United States",1.4718582e+13,304093966
"612",2008,"Men",5,"Uzbekistan",29549438883.8338,27302800
"613",2008,"Women",1,"Uzbekistan",29549438883.8338,27302800
"614",2008,"Women",1,"Venezuela",315953388510.678,28141701
"615",2008,"Men",1,"Vietnam",99130304099.1274,86707801
"616",2008,"Women",4,"Zimbabwe",4415702800,13558469
"617",2012,"Men",1,"Afghanistan",20536542736.7297,30696958
"618",2012,"Men",1,"Algeria",209058991952.125,37565847
"619",2012,"Men",1,"Algeria",209058991952.125,37565847
"620",2012,"Men",4,"Argentina",545982375701.128,42096739
"621",2012,"Women",16,"Argentina",545982375701.128,42096739
"622",2012,"Men",2,"Armenia",10619320048.5857,2881922
"623",2012,"Men",49,"Australia",1543411012579.91,22742475
"624",2012,"Women",65,"Australia",1543411012579.91,22742475
"625",2012,"Men",8,"Azerbaijan",69683935845.2138,9295784
"626",2012,"Women",2,"Azerbaijan",69683935845.2138,9295784
"627",2012,"Men",4,"Bahamas",10720500000,372039
"628",2012,"Men",1,"Belgium",497884216568.867,11128246
"629",2012,"Women",2,"Belgium",497884216568.867,11128246
"630",2012,"Men",6,"Belarus",65685102554.8759,9464495
"631",2012,"Women",15,"Belarus",65685102554.8759,9464495
"632",2012,"Men",1,"Botswana",14686278707.4589,2089315
"633",2012,"Men",41,"Brazil",2465188674415.03,200560983
"634",2012,"Women",18,"Brazil",2465188674415.03,200560983
"635",2012,"Women",1,"Bahrain",30749308510.6383,1300217
"636",2012,"Men",1,"Bulgaria",53903022339.0276,7305888
"637",2012,"Women",1,"Bulgaria",53903022339.0276,7305888
"638",2012,"Men",17,"Canada",1824288757447.57,34750545
"639",2012,"Women",40,"Canada",1824288757447.57,34750545
"640",2012,"Men",52,"China",8560547314679.28,1350695000
"641",2012,"Women",76,"China",8560547314679.28,1350695000
"642",2012,"Women",1,"Cameroon",29104437355.0395,21082383
"643",2012,"Men",4,"Colombia",369659700375.52,46881475
"644",2012,"Women",4,"Colombia",369659700375.52,46881475
"645",2012,"Men",33,"Croatia",56565475274.7722,4267558
"646",2012,"Women",2,"Croatia",56565475274.7722,4267558
"647",2012,"Men",11,"Cuba",7.3141e+10,11382146
"648",2012,"Women",4,"Cuba",7.3141e+10,11382146
"649",2012,"Men",1,"Cyprus",25041372221.5084,1135062
"650",2012,"Men",9,"Czech Republic",207376427020.815,10510785
"651",2012,"Women",6,"Czech Republic",207376427020.815,10510785
"652",2012,"Men",14,"Denmark",327148899962.146,5591572
"653",2012,"Women",2,"Denmark",327148899962.146,5591572
"654",2012,"Men",2,"Dominican Republic",60657780260.6792,10154950
"655",2012,"Men",3,"Egypt",279372758361.832,87813257
"656",2012,"Women",1,"Egypt",279372758361.832,87813257
"657",2012,"Men",17,"Spain",1336018949805.58,46773055
"658",2012,"Women",48,"Spain",1336018949805.58,46773055
"659",2012,"Men",2,"Estonia",23043864510.0543,1322696
"660",2012,"Men",2,"Ethiopia",43310721414.0829,92444183
"661",2012,"Women",5,"Ethiopia",43310721414.0829,92444183
"662",2012,"Men",1,"Finland",256706466091.089,5413971
"663",2012,"Women",4,"Finland",256706466091.089,5413971
"664",2012,"Men",51,"France",2683825225092.63,65659789
"665",2012,"Women",31,"France",2683825225092.63,65659789
"666",2012,"Men",1,"Gabon",17171468468.5691,1756817
"667",2012,"Men",76,"United Kingdom",2662085168498.93,63700300
"668",2012,"Women",50,"United Kingdom",2662085168498.93,63700300
"669",2012,"Men",7,"Georgia",15846474595.773,3825000
"670",2012,"Men",67,"Germany",3543983909148.01,80425823
"671",2012,"Women",27,"Germany",3543983909148.01,80425823
"672",2012,"Men",1,"Greece",245670666639.047,11045011
"673",2012,"Women",2,"Greece",245670666639.047,11045011
"674",2012,"Men",1,"Grenada",799882148.148148,105481
"675",2012,"Men",1,"Guatemala",50388454861.1111,15271056
"676",2012,"Women",1,"Hong Kong",262629441493.476,7150100
"677",2012,"Men",16,"Hungary",127856647107.82,9920362
"678",2012,"Women",10,"Hungary",127856647107.82,9920362
"679",2012,"Men",2,"Indonesia",917869910105.749,248883232
"680",2012,"Women",1,"Indonesia",917869910105.749,248883232
"681",2012,"Men",4,"India",1827637859136.23,1263065852
"682",2012,"Women",2,"India",1827637859136.23,1263065852
"683",2012,"Men",13,"Iran",598853401276.104,76453574
"684",2012,"Men",5,"Ireland",225571853194.348,4599533
"685",2012,"Women",1,"Ireland",225571853194.348,4599533
"686",2012,"Men",52,"Italy",2072823157059.76,59539717
"687",2012,"Women",16,"Italy",2072823157059.76,59539717
"688",2012,"Men",11,"Jamaica",14800165406.7733,2840992
"689",2012,"Women",14,"Jamaica",14800165406.7733,2840992
"690",2012,"Men",31,"Japan",6203213121334.12,127629000
"691",2012,"Women",53,"Japan",6203213121334.12,127629000
"692",2012,"Men",6,"Kazakhstan",207998568865.789,16792089
"693",2012,"Women",4,"Kazakhstan",207998568865.789,16792089
"694",2012,"Men",7,"Kenya",50334699324.2604,43646629
"695",2012,"Women",5,"Kenya",50334699324.2604,43646629
"696",2012,"Men",47,"South Korea",1222807284485.31,50199853
"697",2012,"Women",16,"South Korea",1222807284485.31,50199853
"698",2012,"Men",4,"Saudi Arabia",735974843360,29086357
"699",2012,"Men",1,"Kuwait",174070025008.932,3395556
"700",2012,"Men",3,"Latvia",28119996053.2511,2034319
"701",2012,"Men",3,"Lithuania",42848195256.2142,2987773
"702",2012,"Women",2,"Lithuania",42848195256.2142,2987773
"703",2012,"Men",1,"Morocco",98266306615.3632,33333789
"704",2012,"Men",1,"Malaysia",314443149443.149,29170456
"705",2012,"Women",1,"Malaysia",314443149443.149,29170456
"706",2012,"Men",20,"Mexico",1201090018603.59,120828307
"707",2012,"Women",6,"Mexico",1201090018603.59,120828307
"708",2012,"Men",4,"Mongolia",12292770631.1967,2814226
"709",2012,"Women",1,"Mongolia",12292770631.1967,2814226
"710",2012,"Women",14,"Montenegro",4087724527.81704,620601
"711",2012,"Men",27,"Netherlands",828946812396.788,16754962
"712",2012,"Women",42,"Netherlands",828946812396.788,16754962
"713",2012,"Men",3,"Norway",510229136226.902,5018573
"714",2012,"Women",14,"Norway",510229136226.902,5018573
"715",2012,"Men",17,"New Zealand",176192886551.397,4408100
"716",2012,"Women",9,"New Zealand",176192886551.397,4408100
"717",2012,"Men",5,"Poland",500360816827.883,38063164
"718",2012,"Women",7,"Poland",500360816827.883,38063164
"719",2012,"Men",2,"Portugal",216368178659.447,10514844
"720",2012,"Men",3,"North Korea",NA,24854034
"721",2012,"Women",3,"North Korea",NA,24854034
"722",2012,"Men",2,"Puerto Rico",101564800000,3634488
"723",2012,"Men",2,"Qatar",186833516483.516,2109568
"724",2012,"Men",6,"Romania",171664638717.49,20058035
"725",2012,"Women",10,"Romania",171664638717.49,20058035
"726",2012,"Men",7,"South Africa",396332702639.496,52998213
"727",2012,"Women",2,"South Africa",396332702639.496,52998213
"728",2012,"Men",64,"Russia",2210256976945.38,143201676
"729",2012,"Women",66,"Russia",2210256976945.38,143201676
"730",2012,"Women",4,"Singapore",290673681683.604,5312437
"731",2012,"Men",4,"Slovenia",46352802765.5763,2057159
"732",2012,"Women",1,"Slovenia",46352802765.5763,2057159
"733",2012,"Men",14,"Serbia",40742313861.1374,7199077
"734",2012,"Women",2,"Serbia",40742313861.1374,7199077
"735",2012,"Men",3,"Switzerland",668043614122.87,7996861
"736",2012,"Women",1,"Switzerland",668043614122.87,7996861
"737",2012,"Men",3,"Slovakia",93413992955.8972,5407579
"738",2012,"Women",2,"Slovakia",93413992955.8972,5407579
"739",2012,"Men",21,"Sweden",543880647757.404,9519374
"740",2012,"Women",2,"Sweden",543880647757.404,9519374
"741",2012,"Men",1,"Thailand",397558094269.877,67843979
"742",2012,"Women",3,"Thailand",397558094269.877,67843979
"743",2012,"Women",1,"Tajikistan",7633049792.09321,7995062
"744",2012,"Women",2,"Taiwan",NA,NA
"745",2012,"Men",10,"Trinidad and Tobago",25622915889.0133,1341588
"746",2012,"Men",2,"Tunisia",45044112939.3687,10886668
"747",2012,"Women",1,"Tunisia",45044112939.3687,10886668
"748",2012,"Men",2,"Turkey",873982246102.45,74569867
"749",2012,"Women",2,"Turkey",873982246102.45,74569867
"750",2012,"Men",1,"Uganda",23114293018.5101,36306796
"751",2012,"Men",9,"Ukraine",175781379051.433,45593300
"752",2012,"Women",16,"Ukraine",175781379051.433,45593300
"753",2012,"Men",88,"United States",1.6155255e+13,313993272
"754",2012,"Women",162,"United States",1.6155255e+13,313993272
"755",2012,"Men",3,"Uzbekistan",51821573338.1312,29774500
"756",2012,"Men",1,"Venezuela",381286237847.667,29893080
